Image,Description,Price
https://www.tradeinn.com/h/13803/138031314/nike-court-vapor-lite-shoes.jpg,Nike Court Vapor Lite Shoes,57.99 €
https://www.tradeinn.com/h/13896/138960892/adidas-grand-court-2.0-shoes.jpg,adidas Grand Court 2.0 Shoes,53.99 €
https://www.tradeinn.com/h/13803/138030696/nike-court-vapor-lite-clay-shoes.jpg,Nike Court Vapor Lite Clay Shoes,57.49 €
https://www.tradeinn.com/h/13896/138960891/adidas-grand-court-2.0-shoes.jpg,adidas Grand Court 2.0 Shoes,54.99 €
https://www.tradeinn.com/h/13855/138552072/nike-court-zoom-pro-clay-shoes.jpg,Nike Court Zoom Pro Clay Shoes,83.49 €
https://www.tradeinn.com/h/13896/138960914/adidas-grand-court-2.0-shoes.jpg,adidas Grand Court 2.0 Shoes,53.99 €
https://www.tradeinn.com/h/14021/140211835/babolat-movea-all-court-shoes.jpg,Babolat Movea All Court Shoes,85.99 €
https://www.tradeinn.com/h/14002/140023659/asics-gel-resolution-9-all-court-shoes.jpg,Asics Gel-Resolution 9 All Court Shoes,100.99 €
https://www.tradeinn.com/h/13991/139911073/puma-solarsmash-rct-all-court-shoes.jpg,Puma Solarsmash Rct All Court Shoes,46.99 €
https://www.tradeinn.com/h/14020/140200774/babolat-jet-tere-all-court-shoes.jpg,Babolat Jet Tere All Court Shoes,75.99 €
https://www.tradeinn.com/h/13907/139078196/head-sprint-pro-3.5-sf-clay-shoes.jpg,Head Sprint Pro 3.5 SF Clay Shoes,81.99 €
https://www.tradeinn.com/h/14003/140030731/asics-gel-resolution-9-clay-shoes.jpg,Asics Gel-Resolution 9 Clay Shoes,100.99 €
https://www.tradeinn.com/h/13963/139631407/babolat-propulse-fury-3-all-court-shoes.jpg,Babolat Propulse Fury 3 All Court Shoes,103.49 €
https://www.tradeinn.com/h/13955/139554978/puma-solarsmash-rct-shoes.jpg,Puma Solarsmash Rct Shoes,46.99 €
https://www.tradeinn.com/h/13955/139554979/puma-solarsmash-rct-shoes.jpg,Puma Solarsmash Rct Shoes,46.99 €
https://www.tradeinn.com/h/13955/139554970/puma-solarcourt-rct-shoes.jpg,Puma Solarcourt Rct Shoes,64.99 €
https://www.tradeinn.com/h/14043/140434297/wilson-rush-pro-ace-shoes.jpg,Wilson Rush Pro Ace Shoes,76.49 €
https://www.tradeinn.com/h/13993/139934803/adidas-defiant-speed-clay-all-court-shoes.jpg,adidas Defiant Speed Clay All Court Shoes,72.49 €
https://www.tradeinn.com/h/14020/140200775/babolat-jet-tere-clay-shoes.jpg,Babolat Jet Tere Clay Shoes,75.99 €
https://www.tradeinn.com/h/13907/139078195/head-sprint-pro-3.5-sf-all-court-shoes.jpg,Head Sprint Pro 3.5 SF All Court Shoes,120.99 €
https://www.tradeinn.com/h/13963/139631347/babolat-jet-tere-all-court-shoes.jpg,Babolat Jet Tere All Court Shoes,75.99 €
https://www.tradeinn.com/h/13855/138552064/nike-court-zoom-lite-3-shoes.jpg,Nike Court Zoom Lite 3 Shoes,49.99 €
https://www.tradeinn.com/h/13963/139631348/babolat-jet-tere-all-court-shoes.jpg,Babolat Jet Tere All Court Shoes,75.99 €
https://www.tradeinn.com/h/14002/140023689/asics-solution-speed-ff-2-clay-clay-shoes.jpg,Asics Solution Speed FF 2 Clay Clay Shoes,100.99 €
https://www.tradeinn.com/h/13883/138838950/nike-court-air-zoom-vapor-pro-hard-clay-shoes.jpg,Nike Court Air Zoom Vapor Pro Hard Clay Shoes,120.99 €
https://www.tradeinn.com/h/13963/139631408/babolat-propulse-fury-3-clay-shoes.jpg,Babolat Propulse Fury 3 Clay Shoes,103.49 €
https://www.tradeinn.com/h/14043/140434293/wilson-rush-pro-ace-shoes.jpg,Wilson Rush Pro Ace Shoes,82.49 €
https://www.tradeinn.com/h/13883/138838974/nike-court-zoom-pro-clay-clay-shoes.jpg,Nike Court Zoom Pro Clay Clay Shoes,83.49 €
https://www.tradeinn.com/h/13993/139934672/adidas-adizero-cybersonic-all-court-shoes.jpg,adidas Adizero Cybersonic All Court Shoes,108.49 €
https://www.tradeinn.com/h/13855/138552081/nike-court-zoom-pro-hc-shoes.jpg,Nike Court Zoom Pro HC Shoes,78.99 €
https://www.tradeinn.com/h/13955/139554963/puma-solarattack-rct-shoes.jpg,Puma Solarattack Rct Shoes,100.49 €
https://www.tradeinn.com/h/14043/140434279/wilson-rush-pro-4.0-shoes.jpg,Wilson Rush Pro 4.0 Shoes,99.99 €
https://www.tradeinn.com/h/13993/139934675/adidas-adizero-cybersonic-all-court-shoes.jpg,adidas Adizero Cybersonic All Court Shoes,99.99 €
https://www.tradeinn.com/h/13993/139934693/adidas-adizero-ubersonic-4.1-all-court-shoes.jpg,adidas Adizero Ubersonic 4.1 All Court Shoes,90.49 €
https://www.tradeinn.com/h/13993/139934713/adidas-barricade-all-court-shoes.jpg,adidas Barricade All Court Shoes,82.99 €
https://www.tradeinn.com/h/14020/140200770/babolat-jet-mach-3-all-court-shoes.jpg,Babolat Jet Mach 3 All Court Shoes,106.99 €
https://www.tradeinn.com/h/13776/137762424/babolat-jet-tere-all-court-shoes.jpg,Babolat Jet Tere All Court Shoes,110.00 € 42.99 €
https://www.tradeinn.com/h/14043/140434287/wilson-rush-pro-ace-clay-shoes.jpg,Wilson Rush Pro Ace Clay Shoes,81.49 €
https://www.tradeinn.com/h/13993/139935020/adidas-solematch-control-all-court-shoes.jpg,adidas Solematch Control All Court Shoes,72.49 €
https://www.tradeinn.com/h/13993/139934698/adidas-adizero-ubersonic-4.1-cl-all-court-shoes.jpg,adidas Adizero Ubersonic 4.1 Cl All Court Shoes,90.49 €
https://www.tradeinn.com/h/13963/139631332/babolat-jet-mach-3-all-court-shoes.jpg,Babolat Jet Mach 3 All Court Shoes,106.99 €
https://www.tradeinn.com/h/13993/139934772/adidas-courtjam-control-clay-all-court-shoes.jpg,adidas Courtjam Control Clay All Court Shoes,61.49 €
https://www.tradeinn.com/h/13993/139934701/adidas-adizero-ubersonic-4.1-cl-all-court-shoes.jpg,adidas Adizero Ubersonic 4.1 Cl All Court Shoes,90.49 €
https://www.tradeinn.com/h/14043/140434227/wilson-kaos-stroke-2.0-shoes.jpg,Wilson Kaos Stroke 2.0 Shoes,80.99 €
https://www.tradeinn.com/h/13993/139934678/adidas-adizero-cybersonic-clay-all-court-shoes.jpg,adidas Adizero Cybersonic Clay All Court Shoes,122.99 €
https://www.tradeinn.com/h/13993/139934677/adidas-adizero-cybersonic-clay-all-court-shoes.jpg,adidas Adizero Cybersonic Clay All Court Shoes,108.49 €
https://www.tradeinn.com/h/13993/139934801/adidas-defiant-speed-all-court-shoes.jpg,adidas Defiant Speed All Court Shoes,81.99 €
https://www.tradeinn.com/h/13993/139934799/adidas-defiant-speed-all-court-shoes.jpg,adidas Defiant Speed All Court Shoes,81.99 €
https://www.tradeinn.com/h/13865/138654054/asics-solution-speed-ff-2-clay-shoes.jpg,Asics Solution Speed FF 2 Clay Shoes,100.99 €
https://www.tradeinn.com/h/13958/139582287/k-swiss-court-express-hb-clay-shoes.jpg,K-Swiss Court Express HB Clay Shoes,78.99 €
https://www.tradeinn.com/h/13948/139489261/head-sprint-team-3.5-clay-clay-shoes.jpg,Head Sprint Team 3.5 Clay Clay Shoes,56.49 €
https://www.tradeinn.com/h/13963/139631336/babolat-jet-mach-3-clay-shoes.jpg,Babolat Jet Mach 3 Clay Shoes,106.99 €
https://www.tradeinn.com/h/13993/139935017/adidas-solematch-control-all-court-shoes.jpg,adidas Solematch Control All Court Shoes,81.99 €
https://www.tradeinn.com/h/13993/139934718/adidas-barricade-cl-all-court-shoes.jpg,adidas Barricade Cl All Court Shoes,90.49 €
https://www.tradeinn.com/h/14013/140138030/joma-open-hard-court-shoes.jpg,Joma Open Hard Court Shoes,72.49 €
https://www.tradeinn.com/h/14013/140138281/joma-slam-clay-shoes.jpg,Joma Slam Clay Shoes,70.99 €
https://www.tradeinn.com/h/13855/138552077/nike-court-zoom-pro-hc-shoes.jpg,Nike Court Zoom Pro HC Shoes,78.99 €
https://www.tradeinn.com/h/13948/139489247/head-sprint-pro-3.5-clay-clay-shoes.jpg,Head Sprint Pro 3.5 Clay Clay Shoes,105.99 €
https://www.tradeinn.com/h/14002/140023647/asics-gel-game-9-all-court-shoes.jpg,Asics Gel-Game 9 All Court Shoes,60.99 €
https://www.tradeinn.com/h/14013/140138267/joma-slam-clay-shoes.jpg,Joma Slam Clay Shoes,70.99 €
https://www.tradeinn.com/h/14013/140138032/joma-open-hard-court-shoes.jpg,Joma Open Hard Court Shoes,72.49 €
https://www.tradeinn.com/h/13915/139150539/babolat-jet-mach-3-all-court-shoes.jpg,Babolat Jet Mach 3 All Court Shoes,106.99 €
https://www.tradeinn.com/h/14043/140434232/wilson-kaos-swift-1.5-clay-shoes.jpg,Wilson Kaos Swift 1.5 Clay Shoes,76.49 €
https://www.tradeinn.com/h/14043/140434238/wilson-kaos-swift-1.5-shoes.jpg,Wilson Kaos Swift 1.5 Shoes,72.49 €
https://www.tradeinn.com/h/13993/139934717/adidas-barricade-cl-all-court-shoes.jpg,adidas Barricade Cl All Court Shoes,102.49 €
https://www.tradeinn.com/h/13993/139934864/adidas-gamecourt-2-all-court-shoes.jpg,adidas Gamecourt 2 All Court Shoes,50.49 €
https://www.tradeinn.com/h/13993/139934674/adidas-adizero-cybersonic-all-court-shoes.jpg,adidas Adizero Cybersonic All Court Shoes,108.49 €
https://www.tradeinn.com/h/13993/139935021/adidas-solematch-control-clay-all-court-shoes.jpg,adidas Solematch Control Clay All Court Shoes,81.99 €
https://www.tradeinn.com/h/14003/140030603/asics-gel-dedicate-8-all-court-shoes.jpg,Asics Gel-Dedicate 8 All Court Shoes,50.99 €
https://www.tradeinn.com/h/13958/139582022/asics-solution-swift-ff-all-court-shoes.jpg,Asics Solution Swift Ff All Court Shoes,70.49 €
https://www.tradeinn.com/h/14003/140030570/asics-gel-challenger-14-all-court-shoes.jpg,Asics Gel-Challenger 14 All Court Shoes,80.99 €
https://www.tradeinn.com/h/13948/139489203/head-revolt-pro-4.0-hard-court-shoes.jpg,Head Revolt Pro 4.0 Hard Court Shoes,105.99 €
https://www.tradeinn.com/h/13948/139489250/head-sprint-pro-3.5-clay-clay-shoes.jpg,Head Sprint Pro 3.5 Clay Clay Shoes,105.99 €
https://www.tradeinn.com/h/14043/140434202/wilson-kaos-comp-3.0-shoes.jpg,Wilson Kaos Comp 3.0 Shoes,55.99 €
https://www.tradeinn.com/h/14043/140434234/wilson-kaos-swift-1.5-shoes.jpg,Wilson Kaos Swift 1.5 Shoes,131.99 €
https://www.tradeinn.com/h/14043/140434280/wilson-rush-pro-4.0-shoes.jpg,Wilson Rush Pro 4.0 Shoes,141.99 €
https://www.tradeinn.com/h/13912/139125651/wilson-kaos-devo-2.0-shoes.jpg,Wilson Kaos Devo 2.0 Shoes,60.99 €
https://www.tradeinn.com/h/13993/139934800/adidas-defiant-speed-all-court-shoes.jpg,adidas Defiant Speed All Court Shoes,81.99 €
https://www.tradeinn.com/h/13993/139934712/adidas-barricade-all-court-shoes.jpg,adidas Barricade All Court Shoes,102.49 €
https://www.tradeinn.com/h/13958/139582029/asics-solution-swift-ff-clay-all-court-shoes.jpg,Asics Solution Swift Ff Clay All Court Shoes,70.49 €
https://www.tradeinn.com/h/14013/140138271/joma-slam-clay-shoes.jpg,Joma Slam Clay Shoes,70.99 €
https://www.tradeinn.com/h/14013/140137862/joma-ace-all-court-shoes.jpg,Joma Ace All Court Shoes,75.99 €
https://www.tradeinn.com/h/14008/140081727/mizuno-wave-exceed-tour-5-cc-clay-shoes.jpg,Mizuno Wave Exceed Tour 5 CC Clay Shoes,107.11 €
https://www.tradeinn.com/h/13884/138847585/k-swiss-ultrashot-team-all-court-shoes.jpg,K-Swiss Ultrashot Team All Court Shoes,103.99 €
https://www.tradeinn.com/h/13948/139489249/head-sprint-pro-3.5-clay-clay-shoes.jpg,Head Sprint Pro 3.5 Clay Clay Shoes,105.99 €
https://www.tradeinn.com/h/13948/139489192/head-revolt-pro-4.0-clay-clay-shoes.jpg,Head Revolt Pro 4.0 Clay Clay Shoes,105.99 €
https://www.tradeinn.com/h/13850/138503765/babolat-propulse-blast-clay-shoes.jpg,Babolat Propulse Blast Clay Shoes,115.00 € 56.99 €
https://www.tradeinn.com/h/14043/140434231/wilson-kaos-swift-1.5-clay-shoes.jpg,Wilson Kaos Swift 1.5 Clay Shoes,72.49 €
https://www.tradeinn.com/h/14043/140434228/wilson-kaos-stroke-2.0-shoes.jpg,Wilson Kaos Stroke 2.0 Shoes,80.99 €
https://www.tradeinn.com/h/14043/140434296/wilson-rush-pro-ace-shoes.jpg,Wilson Rush Pro Ace Shoes,80.49 €
https://www.tradeinn.com/h/13941/139417125/adidas-solematch-control-all-court-shoes.jpg,adidas Solematch Control All Court Shoes,81.99 €
https://www.tradeinn.com/h/13842/138425313/adidas-courtjam-control-shoes.jpg,adidas Courtjam Control Shoes,90.00 € 57.99 €
https://www.tradeinn.com/h/13941/139416348/adidas-barricade-clay-all-court-shoes.jpg,adidas Barricade Clay All Court Shoes,150.00 € 83.99 €
https://www.tradeinn.com/h/14003/140030573/asics-gel-challenger-14-clay-shoes.jpg,Asics Gel-Challenger 14 Clay Shoes,80.99 €
https://www.tradeinn.com/h/14013/140138284/joma-slam-clay-shoes.jpg,Joma Slam Clay Shoes,70.99 €
https://www.tradeinn.com/h/14013/140138218/joma-set-clay-shoes.jpg,Joma Set Clay Shoes,52.49 €
https://www.tradeinn.com/h/13803/138031314/nike-court-vapor-lite-shoes.jpg,Nike Court Vapor Lite Shoes,57.99 €
https://www.tradeinn.com/h/13896/138960892/adidas-grand-court-2.0-shoes.jpg,adidas Grand Court 2.0 Shoes,53.99 €
https://www.tradeinn.com/h/13803/138030696/nike-court-vapor-lite-clay-shoes.jpg,Nike Court Vapor Lite Clay Shoes,57.49 €
https://www.tradeinn.com/h/13896/138960891/adidas-grand-court-2.0-shoes.jpg,adidas Grand Court 2.0 Shoes,54.99 €
https://www.tradeinn.com/h/13855/138552072/nike-court-zoom-pro-clay-shoes.jpg,Nike Court Zoom Pro Clay Shoes,83.49 €
https://www.tradeinn.com/h/13896/138960914/adidas-grand-court-2.0-shoes.jpg,adidas Grand Court 2.0 Shoes,53.99 €
https://www.tradeinn.com/h/14021/140211835/babolat-movea-all-court-shoes.jpg,Babolat Movea All Court Shoes,85.99 €
https://www.tradeinn.com/h/14002/140023659/asics-gel-resolution-9-all-court-shoes.jpg,Asics Gel-Resolution 9 All Court Shoes,100.99 €
https://www.tradeinn.com/h/13991/139911073/puma-solarsmash-rct-all-court-shoes.jpg,Puma Solarsmash Rct All Court Shoes,46.99 €
https://www.tradeinn.com/h/14020/140200774/babolat-jet-tere-all-court-shoes.jpg,Babolat Jet Tere All Court Shoes,75.99 €
https://www.tradeinn.com/h/13907/139078196/head-sprint-pro-3.5-sf-clay-shoes.jpg,Head Sprint Pro 3.5 SF Clay Shoes,81.99 €
https://www.tradeinn.com/h/14003/140030731/asics-gel-resolution-9-clay-shoes.jpg,Asics Gel-Resolution 9 Clay Shoes,100.99 €
https://www.tradeinn.com/h/13963/139631407/babolat-propulse-fury-3-all-court-shoes.jpg,Babolat Propulse Fury 3 All Court Shoes,103.49 €
https://www.tradeinn.com/h/13955/139554978/puma-solarsmash-rct-shoes.jpg,Puma Solarsmash Rct Shoes,46.99 €
https://www.tradeinn.com/h/13955/139554979/puma-solarsmash-rct-shoes.jpg,Puma Solarsmash Rct Shoes,46.99 €
https://www.tradeinn.com/h/13955/139554970/puma-solarcourt-rct-shoes.jpg,Puma Solarcourt Rct Shoes,64.99 €
https://www.tradeinn.com/h/14043/140434297/wilson-rush-pro-ace-shoes.jpg,Wilson Rush Pro Ace Shoes,76.49 €
https://www.tradeinn.com/h/13993/139934803/adidas-defiant-speed-clay-all-court-shoes.jpg,adidas Defiant Speed Clay All Court Shoes,72.49 €
https://www.tradeinn.com/h/14020/140200775/babolat-jet-tere-clay-shoes.jpg,Babolat Jet Tere Clay Shoes,75.99 €
https://www.tradeinn.com/h/13907/139078195/head-sprint-pro-3.5-sf-all-court-shoes.jpg,Head Sprint Pro 3.5 SF All Court Shoes,120.99 €
https://www.tradeinn.com/h/13963/139631347/babolat-jet-tere-all-court-shoes.jpg,Babolat Jet Tere All Court Shoes,75.99 €
https://www.tradeinn.com/h/13855/138552064/nike-court-zoom-lite-3-shoes.jpg,Nike Court Zoom Lite 3 Shoes,49.99 €
https://www.tradeinn.com/h/13963/139631348/babolat-jet-tere-all-court-shoes.jpg,Babolat Jet Tere All Court Shoes,75.99 €
https://www.tradeinn.com/h/14002/140023689/asics-solution-speed-ff-2-clay-clay-shoes.jpg,Asics Solution Speed FF 2 Clay Clay Shoes,100.99 €
https://www.tradeinn.com/h/13883/138838950/nike-court-air-zoom-vapor-pro-hard-clay-shoes.jpg,Nike Court Air Zoom Vapor Pro Hard Clay Shoes,120.99 €
https://www.tradeinn.com/h/13963/139631408/babolat-propulse-fury-3-clay-shoes.jpg,Babolat Propulse Fury 3 Clay Shoes,103.49 €
https://www.tradeinn.com/h/14043/140434293/wilson-rush-pro-ace-shoes.jpg,Wilson Rush Pro Ace Shoes,82.49 €
https://www.tradeinn.com/h/13883/138838974/nike-court-zoom-pro-clay-clay-shoes.jpg,Nike Court Zoom Pro Clay Clay Shoes,83.49 €
https://www.tradeinn.com/h/13993/139934672/adidas-adizero-cybersonic-all-court-shoes.jpg,adidas Adizero Cybersonic All Court Shoes,108.49 €
https://www.tradeinn.com/h/13855/138552081/nike-court-zoom-pro-hc-shoes.jpg,Nike Court Zoom Pro HC Shoes,78.99 €
https://www.tradeinn.com/h/13955/139554963/puma-solarattack-rct-shoes.jpg,Puma Solarattack Rct Shoes,100.49 €
https://www.tradeinn.com/h/14043/140434279/wilson-rush-pro-4.0-shoes.jpg,Wilson Rush Pro 4.0 Shoes,99.99 €
https://www.tradeinn.com/h/13993/139934675/adidas-adizero-cybersonic-all-court-shoes.jpg,adidas Adizero Cybersonic All Court Shoes,99.99 €
https://www.tradeinn.com/h/13993/139934693/adidas-adizero-ubersonic-4.1-all-court-shoes.jpg,adidas Adizero Ubersonic 4.1 All Court Shoes,90.49 €
https://www.tradeinn.com/h/13993/139934713/adidas-barricade-all-court-shoes.jpg,adidas Barricade All Court Shoes,82.99 €
https://www.tradeinn.com/h/14020/140200770/babolat-jet-mach-3-all-court-shoes.jpg,Babolat Jet Mach 3 All Court Shoes,106.99 €
https://www.tradeinn.com/h/13776/137762424/babolat-jet-tere-all-court-shoes.jpg,Babolat Jet Tere All Court Shoes,110.00 € 42.99 €
https://www.tradeinn.com/h/14043/140434287/wilson-rush-pro-ace-clay-shoes.jpg,Wilson Rush Pro Ace Clay Shoes,81.49 €
https://www.tradeinn.com/h/13993/139935020/adidas-solematch-control-all-court-shoes.jpg,adidas Solematch Control All Court Shoes,72.49 €
https://www.tradeinn.com/h/13993/139934698/adidas-adizero-ubersonic-4.1-cl-all-court-shoes.jpg,adidas Adizero Ubersonic 4.1 Cl All Court Shoes,90.49 €
https://www.tradeinn.com/h/13963/139631332/babolat-jet-mach-3-all-court-shoes.jpg,Babolat Jet Mach 3 All Court Shoes,106.99 €
https://www.tradeinn.com/h/13993/139934772/adidas-courtjam-control-clay-all-court-shoes.jpg,adidas Courtjam Control Clay All Court Shoes,61.49 €
https://www.tradeinn.com/h/13993/139934701/adidas-adizero-ubersonic-4.1-cl-all-court-shoes.jpg,adidas Adizero Ubersonic 4.1 Cl All Court Shoes,90.49 €
https://www.tradeinn.com/h/14043/140434227/wilson-kaos-stroke-2.0-shoes.jpg,Wilson Kaos Stroke 2.0 Shoes,80.99 €
https://www.tradeinn.com/h/13993/139934678/adidas-adizero-cybersonic-clay-all-court-shoes.jpg,adidas Adizero Cybersonic Clay All Court Shoes,122.99 €
https://www.tradeinn.com/h/13993/139934677/adidas-adizero-cybersonic-clay-all-court-shoes.jpg,adidas Adizero Cybersonic Clay All Court Shoes,108.49 €
https://www.tradeinn.com/h/13993/139934801/adidas-defiant-speed-all-court-shoes.jpg,adidas Defiant Speed All Court Shoes,81.99 €
https://www.tradeinn.com/h/13993/139934799/adidas-defiant-speed-all-court-shoes.jpg,adidas Defiant Speed All Court Shoes,81.99 €
https://www.tradeinn.com/h/13865/138654054/asics-solution-speed-ff-2-clay-shoes.jpg,Asics Solution Speed FF 2 Clay Shoes,100.99 €
https://www.tradeinn.com/h/13958/139582287/k-swiss-court-express-hb-clay-shoes.jpg,K-Swiss Court Express HB Clay Shoes,78.99 €
https://www.tradeinn.com/h/13948/139489261/head-sprint-team-3.5-clay-clay-shoes.jpg,Head Sprint Team 3.5 Clay Clay Shoes,56.49 €
https://www.tradeinn.com/h/13963/139631336/babolat-jet-mach-3-clay-shoes.jpg,Babolat Jet Mach 3 Clay Shoes,106.99 €
https://www.tradeinn.com/h/13993/139935017/adidas-solematch-control-all-court-shoes.jpg,adidas Solematch Control All Court Shoes,81.99 €
https://www.tradeinn.com/h/13993/139934718/adidas-barricade-cl-all-court-shoes.jpg,adidas Barricade Cl All Court Shoes,90.49 €
https://www.tradeinn.com/h/14013/140138030/joma-open-hard-court-shoes.jpg,Joma Open Hard Court Shoes,72.49 €
https://www.tradeinn.com/h/14013/140138281/joma-slam-clay-shoes.jpg,Joma Slam Clay Shoes,70.99 €
https://www.tradeinn.com/h/13855/138552077/nike-court-zoom-pro-hc-shoes.jpg,Nike Court Zoom Pro HC Shoes,78.99 €
https://www.tradeinn.com/h/13948/139489247/head-sprint-pro-3.5-clay-clay-shoes.jpg,Head Sprint Pro 3.5 Clay Clay Shoes,105.99 €
https://www.tradeinn.com/h/14002/140023647/asics-gel-game-9-all-court-shoes.jpg,Asics Gel-Game 9 All Court Shoes,60.99 €
https://www.tradeinn.com/h/14013/140138267/joma-slam-clay-shoes.jpg,Joma Slam Clay Shoes,70.99 €
https://www.tradeinn.com/h/14013/140138032/joma-open-hard-court-shoes.jpg,Joma Open Hard Court Shoes,72.49 €
https://www.tradeinn.com/h/13915/139150539/babolat-jet-mach-3-all-court-shoes.jpg,Babolat Jet Mach 3 All Court Shoes,106.99 €
https://www.tradeinn.com/h/14043/140434232/wilson-kaos-swift-1.5-clay-shoes.jpg,Wilson Kaos Swift 1.5 Clay Shoes,76.49 €
https://www.tradeinn.com/h/14043/140434238/wilson-kaos-swift-1.5-shoes.jpg,Wilson Kaos Swift 1.5 Shoes,72.49 €
https://www.tradeinn.com/h/13993/139934717/adidas-barricade-cl-all-court-shoes.jpg,adidas Barricade Cl All Court Shoes,102.49 €
https://www.tradeinn.com/h/13993/139934864/adidas-gamecourt-2-all-court-shoes.jpg,adidas Gamecourt 2 All Court Shoes,50.49 €
https://www.tradeinn.com/h/13993/139934674/adidas-adizero-cybersonic-all-court-shoes.jpg,adidas Adizero Cybersonic All Court Shoes,108.49 €
https://www.tradeinn.com/h/13993/139935021/adidas-solematch-control-clay-all-court-shoes.jpg,adidas Solematch Control Clay All Court Shoes,81.99 €
https://www.tradeinn.com/h/14003/140030603/asics-gel-dedicate-8-all-court-shoes.jpg,Asics Gel-Dedicate 8 All Court Shoes,50.99 €
https://www.tradeinn.com/h/13958/139582022/asics-solution-swift-ff-all-court-shoes.jpg,Asics Solution Swift Ff All Court Shoes,70.49 €
https://www.tradeinn.com/h/14003/140030570/asics-gel-challenger-14-all-court-shoes.jpg,Asics Gel-Challenger 14 All Court Shoes,80.99 €
https://www.tradeinn.com/h/13948/139489203/head-revolt-pro-4.0-hard-court-shoes.jpg,Head Revolt Pro 4.0 Hard Court Shoes,105.99 €
https://www.tradeinn.com/h/13948/139489250/head-sprint-pro-3.5-clay-clay-shoes.jpg,Head Sprint Pro 3.5 Clay Clay Shoes,105.99 €
https://www.tradeinn.com/h/14043/140434202/wilson-kaos-comp-3.0-shoes.jpg,Wilson Kaos Comp 3.0 Shoes,55.99 €
https://www.tradeinn.com/h/14043/140434234/wilson-kaos-swift-1.5-shoes.jpg,Wilson Kaos Swift 1.5 Shoes,131.99 €
https://www.tradeinn.com/h/14043/140434280/wilson-rush-pro-4.0-shoes.jpg,Wilson Rush Pro 4.0 Shoes,141.99 €
https://www.tradeinn.com/h/13912/139125651/wilson-kaos-devo-2.0-shoes.jpg,Wilson Kaos Devo 2.0 Shoes,60.99 €
https://www.tradeinn.com/h/13993/139934800/adidas-defiant-speed-all-court-shoes.jpg,adidas Defiant Speed All Court Shoes,81.99 €
https://www.tradeinn.com/h/13993/139934712/adidas-barricade-all-court-shoes.jpg,adidas Barricade All Court Shoes,102.49 €
https://www.tradeinn.com/h/13958/139582029/asics-solution-swift-ff-clay-all-court-shoes.jpg,Asics Solution Swift Ff Clay All Court Shoes,70.49 €
https://www.tradeinn.com/h/14013/140138271/joma-slam-clay-shoes.jpg,Joma Slam Clay Shoes,70.99 €
https://www.tradeinn.com/h/14013/140137862/joma-ace-all-court-shoes.jpg,Joma Ace All Court Shoes,75.99 €
https://www.tradeinn.com/h/14008/140081727/mizuno-wave-exceed-tour-5-cc-clay-shoes.jpg,Mizuno Wave Exceed Tour 5 CC Clay Shoes,107.11 €
https://www.tradeinn.com/h/13884/138847585/k-swiss-ultrashot-team-all-court-shoes.jpg,K-Swiss Ultrashot Team All Court Shoes,103.99 €
https://www.tradeinn.com/h/13948/139489249/head-sprint-pro-3.5-clay-clay-shoes.jpg,Head Sprint Pro 3.5 Clay Clay Shoes,105.99 €
https://www.tradeinn.com/h/13948/139489192/head-revolt-pro-4.0-clay-clay-shoes.jpg,Head Revolt Pro 4.0 Clay Clay Shoes,105.99 €
https://www.tradeinn.com/h/13850/138503765/babolat-propulse-blast-clay-shoes.jpg,Babolat Propulse Blast Clay Shoes,115.00 € 56.99 €
https://www.tradeinn.com/h/14043/140434231/wilson-kaos-swift-1.5-clay-shoes.jpg,Wilson Kaos Swift 1.5 Clay Shoes,72.49 €
https://www.tradeinn.com/h/14043/140434228/wilson-kaos-stroke-2.0-shoes.jpg,Wilson Kaos Stroke 2.0 Shoes,80.99 €
https://www.tradeinn.com/h/14043/140434296/wilson-rush-pro-ace-shoes.jpg,Wilson Rush Pro Ace Shoes,80.49 €
https://www.tradeinn.com/h/13941/139417125/adidas-solematch-control-all-court-shoes.jpg,adidas Solematch Control All Court Shoes,81.99 €
https://www.tradeinn.com/h/13842/138425313/adidas-courtjam-control-shoes.jpg,adidas Courtjam Control Shoes,90.00 € 57.99 €
https://www.tradeinn.com/h/13941/139416348/adidas-barricade-clay-all-court-shoes.jpg,adidas Barricade Clay All Court Shoes,150.00 € 83.99 €
https://www.tradeinn.com/h/14003/140030573/asics-gel-challenger-14-clay-shoes.jpg,Asics Gel-Challenger 14 Clay Shoes,80.99 €
https://www.tradeinn.com/h/14013/140138284/joma-slam-clay-shoes.jpg,Joma Slam Clay Shoes,70.99 €
https://www.tradeinn.com/h/14013/140138218/joma-set-clay-shoes.jpg,Joma Set Clay Shoes,52.49 €
https://www.tradeinn.com/h/13803/138031314/nike-court-vapor-lite-shoes.jpg,Nike Court Vapor Lite Shoes,57.99 €
https://www.tradeinn.com/h/13896/138960892/adidas-grand-court-2.0-shoes.jpg,adidas Grand Court 2.0 Shoes,53.99 €
https://www.tradeinn.com/h/13803/138030696/nike-court-vapor-lite-clay-shoes.jpg,Nike Court Vapor Lite Clay Shoes,57.49 €
https://www.tradeinn.com/h/13896/138960891/adidas-grand-court-2.0-shoes.jpg,adidas Grand Court 2.0 Shoes,54.99 €
https://www.tradeinn.com/h/13855/138552072/nike-court-zoom-pro-clay-shoes.jpg,Nike Court Zoom Pro Clay Shoes,83.49 €
https://www.tradeinn.com/h/13896/138960914/adidas-grand-court-2.0-shoes.jpg,adidas Grand Court 2.0 Shoes,53.99 €
https://www.tradeinn.com/h/14021/140211835/babolat-movea-all-court-shoes.jpg,Babolat Movea All Court Shoes,85.99 €
https://www.tradeinn.com/h/14002/140023659/asics-gel-resolution-9-all-court-shoes.jpg,Asics Gel-Resolution 9 All Court Shoes,100.99 €
https://www.tradeinn.com/h/13991/139911073/puma-solarsmash-rct-all-court-shoes.jpg,Puma Solarsmash Rct All Court Shoes,46.99 €
https://www.tradeinn.com/h/14020/140200774/babolat-jet-tere-all-court-shoes.jpg,Babolat Jet Tere All Court Shoes,75.99 €
https://www.tradeinn.com/h/13907/139078196/head-sprint-pro-3.5-sf-clay-shoes.jpg,Head Sprint Pro 3.5 SF Clay Shoes,81.99 €
https://www.tradeinn.com/h/14003/140030731/asics-gel-resolution-9-clay-shoes.jpg,Asics Gel-Resolution 9 Clay Shoes,100.99 €
https://www.tradeinn.com/h/13963/139631407/babolat-propulse-fury-3-all-court-shoes.jpg,Babolat Propulse Fury 3 All Court Shoes,103.49 €
https://www.tradeinn.com/h/13955/139554978/puma-solarsmash-rct-shoes.jpg,Puma Solarsmash Rct Shoes,46.99 €
https://www.tradeinn.com/h/13955/139554979/puma-solarsmash-rct-shoes.jpg,Puma Solarsmash Rct Shoes,46.99 €
https://www.tradeinn.com/h/13955/139554970/puma-solarcourt-rct-shoes.jpg,Puma Solarcourt Rct Shoes,64.99 €
https://www.tradeinn.com/h/14043/140434297/wilson-rush-pro-ace-shoes.jpg,Wilson Rush Pro Ace Shoes,76.49 €
https://www.tradeinn.com/h/13993/139934803/adidas-defiant-speed-clay-all-court-shoes.jpg,adidas Defiant Speed Clay All Court Shoes,72.49 €
https://www.tradeinn.com/h/14020/140200775/babolat-jet-tere-clay-shoes.jpg,Babolat Jet Tere Clay Shoes,75.99 €
https://www.tradeinn.com/h/13907/139078195/head-sprint-pro-3.5-sf-all-court-shoes.jpg,Head Sprint Pro 3.5 SF All Court Shoes,120.99 €
https://www.tradeinn.com/h/13963/139631347/babolat-jet-tere-all-court-shoes.jpg,Babolat Jet Tere All Court Shoes,75.99 €
https://www.tradeinn.com/h/13855/138552064/nike-court-zoom-lite-3-shoes.jpg,Nike Court Zoom Lite 3 Shoes,49.99 €
https://www.tradeinn.com/h/13963/139631348/babolat-jet-tere-all-court-shoes.jpg,Babolat Jet Tere All Court Shoes,75.99 €
https://www.tradeinn.com/h/14002/140023689/asics-solution-speed-ff-2-clay-clay-shoes.jpg,Asics Solution Speed FF 2 Clay Clay Shoes,100.99 €
https://www.tradeinn.com/h/13883/138838950/nike-court-air-zoom-vapor-pro-hard-clay-shoes.jpg,Nike Court Air Zoom Vapor Pro Hard Clay Shoes,120.99 €
https://www.tradeinn.com/h/13963/139631408/babolat-propulse-fury-3-clay-shoes.jpg,Babolat Propulse Fury 3 Clay Shoes,103.49 €
https://www.tradeinn.com/h/14043/140434293/wilson-rush-pro-ace-shoes.jpg,Wilson Rush Pro Ace Shoes,82.49 €
https://www.tradeinn.com/h/13883/138838974/nike-court-zoom-pro-clay-clay-shoes.jpg,Nike Court Zoom Pro Clay Clay Shoes,83.49 €
https://www.tradeinn.com/h/13993/139934672/adidas-adizero-cybersonic-all-court-shoes.jpg,adidas Adizero Cybersonic All Court Shoes,108.49 €
https://www.tradeinn.com/h/13855/138552081/nike-court-zoom-pro-hc-shoes.jpg,Nike Court Zoom Pro HC Shoes,78.99 €
https://www.tradeinn.com/h/13955/139554963/puma-solarattack-rct-shoes.jpg,Puma Solarattack Rct Shoes,100.49 €
https://www.tradeinn.com/h/14043/140434279/wilson-rush-pro-4.0-shoes.jpg,Wilson Rush Pro 4.0 Shoes,99.99 €
https://www.tradeinn.com/h/13993/139934675/adidas-adizero-cybersonic-all-court-shoes.jpg,adidas Adizero Cybersonic All Court Shoes,99.99 €
https://www.tradeinn.com/h/13993/139934693/adidas-adizero-ubersonic-4.1-all-court-shoes.jpg,adidas Adizero Ubersonic 4.1 All Court Shoes,90.49 €
https://www.tradeinn.com/h/13993/139934713/adidas-barricade-all-court-shoes.jpg,adidas Barricade All Court Shoes,82.99 €
https://www.tradeinn.com/h/14020/140200770/babolat-jet-mach-3-all-court-shoes.jpg,Babolat Jet Mach 3 All Court Shoes,106.99 €
https://www.tradeinn.com/h/13776/137762424/babolat-jet-tere-all-court-shoes.jpg,Babolat Jet Tere All Court Shoes,110.00 € 42.99 €
https://www.tradeinn.com/h/14043/140434287/wilson-rush-pro-ace-clay-shoes.jpg,Wilson Rush Pro Ace Clay Shoes,81.49 €
https://www.tradeinn.com/h/13993/139935020/adidas-solematch-control-all-court-shoes.jpg,adidas Solematch Control All Court Shoes,72.49 €
https://www.tradeinn.com/h/13993/139934698/adidas-adizero-ubersonic-4.1-cl-all-court-shoes.jpg,adidas Adizero Ubersonic 4.1 Cl All Court Shoes,90.49 €
https://www.tradeinn.com/h/13963/139631332/babolat-jet-mach-3-all-court-shoes.jpg,Babolat Jet Mach 3 All Court Shoes,106.99 €
https://www.tradeinn.com/h/13993/139934772/adidas-courtjam-control-clay-all-court-shoes.jpg,adidas Courtjam Control Clay All Court Shoes,61.49 €
https://www.tradeinn.com/h/13993/139934701/adidas-adizero-ubersonic-4.1-cl-all-court-shoes.jpg,adidas Adizero Ubersonic 4.1 Cl All Court Shoes,90.49 €
https://www.tradeinn.com/h/14043/140434227/wilson-kaos-stroke-2.0-shoes.jpg,Wilson Kaos Stroke 2.0 Shoes,80.99 €
https://www.tradeinn.com/h/13993/139934678/adidas-adizero-cybersonic-clay-all-court-shoes.jpg,adidas Adizero Cybersonic Clay All Court Shoes,122.99 €
https://www.tradeinn.com/h/13993/139934677/adidas-adizero-cybersonic-clay-all-court-shoes.jpg,adidas Adizero Cybersonic Clay All Court Shoes,108.49 €
https://www.tradeinn.com/h/13993/139934801/adidas-defiant-speed-all-court-shoes.jpg,adidas Defiant Speed All Court Shoes,81.99 €
https://www.tradeinn.com/h/13993/139934799/adidas-defiant-speed-all-court-shoes.jpg,adidas Defiant Speed All Court Shoes,81.99 €
https://www.tradeinn.com/h/13865/138654054/asics-solution-speed-ff-2-clay-shoes.jpg,Asics Solution Speed FF 2 Clay Shoes,100.99 €
https://www.tradeinn.com/h/13958/139582287/k-swiss-court-express-hb-clay-shoes.jpg,K-Swiss Court Express HB Clay Shoes,78.99 €
https://www.tradeinn.com/h/13948/139489261/head-sprint-team-3.5-clay-clay-shoes.jpg,Head Sprint Team 3.5 Clay Clay Shoes,56.49 €
https://www.tradeinn.com/h/13963/139631336/babolat-jet-mach-3-clay-shoes.jpg,Babolat Jet Mach 3 Clay Shoes,106.99 €
https://www.tradeinn.com/h/13993/139935017/adidas-solematch-control-all-court-shoes.jpg,adidas Solematch Control All Court Shoes,81.99 €
https://www.tradeinn.com/h/13993/139934718/adidas-barricade-cl-all-court-shoes.jpg,adidas Barricade Cl All Court Shoes,90.49 €
https://www.tradeinn.com/h/14013/140138030/joma-open-hard-court-shoes.jpg,Joma Open Hard Court Shoes,72.49 €
https://www.tradeinn.com/h/14013/140138281/joma-slam-clay-shoes.jpg,Joma Slam Clay Shoes,70.99 €
https://www.tradeinn.com/h/13855/138552077/nike-court-zoom-pro-hc-shoes.jpg,Nike Court Zoom Pro HC Shoes,78.99 €
https://www.tradeinn.com/h/13948/139489247/head-sprint-pro-3.5-clay-clay-shoes.jpg,Head Sprint Pro 3.5 Clay Clay Shoes,105.99 €
https://www.tradeinn.com/h/14002/140023647/asics-gel-game-9-all-court-shoes.jpg,Asics Gel-Game 9 All Court Shoes,60.99 €
https://www.tradeinn.com/h/14013/140138267/joma-slam-clay-shoes.jpg,Joma Slam Clay Shoes,70.99 €
https://www.tradeinn.com/h/14013/140138032/joma-open-hard-court-shoes.jpg,Joma Open Hard Court Shoes,72.49 €
https://www.tradeinn.com/h/13915/139150539/babolat-jet-mach-3-all-court-shoes.jpg,Babolat Jet Mach 3 All Court Shoes,106.99 €
https://www.tradeinn.com/h/14043/140434232/wilson-kaos-swift-1.5-clay-shoes.jpg,Wilson Kaos Swift 1.5 Clay Shoes,76.49 €
https://www.tradeinn.com/h/14043/140434238/wilson-kaos-swift-1.5-shoes.jpg,Wilson Kaos Swift 1.5 Shoes,72.49 €
https://www.tradeinn.com/h/13993/139934717/adidas-barricade-cl-all-court-shoes.jpg,adidas Barricade Cl All Court Shoes,102.49 €
https://www.tradeinn.com/h/13993/139934864/adidas-gamecourt-2-all-court-shoes.jpg,adidas Gamecourt 2 All Court Shoes,50.49 €
https://www.tradeinn.com/h/13993/139934674/adidas-adizero-cybersonic-all-court-shoes.jpg,adidas Adizero Cybersonic All Court Shoes,108.49 €
https://www.tradeinn.com/h/13993/139935021/adidas-solematch-control-clay-all-court-shoes.jpg,adidas Solematch Control Clay All Court Shoes,81.99 €
https://www.tradeinn.com/h/14003/140030603/asics-gel-dedicate-8-all-court-shoes.jpg,Asics Gel-Dedicate 8 All Court Shoes,50.99 €
https://www.tradeinn.com/h/13958/139582022/asics-solution-swift-ff-all-court-shoes.jpg,Asics Solution Swift Ff All Court Shoes,70.49 €
https://www.tradeinn.com/h/14003/140030570/asics-gel-challenger-14-all-court-shoes.jpg,Asics Gel-Challenger 14 All Court Shoes,80.99 €
https://www.tradeinn.com/h/13948/139489203/head-revolt-pro-4.0-hard-court-shoes.jpg,Head Revolt Pro 4.0 Hard Court Shoes,105.99 €
https://www.tradeinn.com/h/13948/139489250/head-sprint-pro-3.5-clay-clay-shoes.jpg,Head Sprint Pro 3.5 Clay Clay Shoes,105.99 €
https://www.tradeinn.com/h/14043/140434202/wilson-kaos-comp-3.0-shoes.jpg,Wilson Kaos Comp 3.0 Shoes,55.99 €
https://www.tradeinn.com/h/14043/140434234/wilson-kaos-swift-1.5-shoes.jpg,Wilson Kaos Swift 1.5 Shoes,131.99 €
https://www.tradeinn.com/h/14043/140434280/wilson-rush-pro-4.0-shoes.jpg,Wilson Rush Pro 4.0 Shoes,141.99 €
https://www.tradeinn.com/h/13912/139125651/wilson-kaos-devo-2.0-shoes.jpg,Wilson Kaos Devo 2.0 Shoes,60.99 €
https://www.tradeinn.com/h/13993/139934800/adidas-defiant-speed-all-court-shoes.jpg,adidas Defiant Speed All Court Shoes,81.99 €
https://www.tradeinn.com/h/13993/139934712/adidas-barricade-all-court-shoes.jpg,adidas Barricade All Court Shoes,102.49 €
https://www.tradeinn.com/h/13958/139582029/asics-solution-swift-ff-clay-all-court-shoes.jpg,Asics Solution Swift Ff Clay All Court Shoes,70.49 €
https://www.tradeinn.com/h/14013/140138271/joma-slam-clay-shoes.jpg,Joma Slam Clay Shoes,70.99 €
https://www.tradeinn.com/h/14013/140137862/joma-ace-all-court-shoes.jpg,Joma Ace All Court Shoes,75.99 €
https://www.tradeinn.com/h/14008/140081727/mizuno-wave-exceed-tour-5-cc-clay-shoes.jpg,Mizuno Wave Exceed Tour 5 CC Clay Shoes,107.11 €
https://www.tradeinn.com/h/13884/138847585/k-swiss-ultrashot-team-all-court-shoes.jpg,K-Swiss Ultrashot Team All Court Shoes,103.99 €
https://www.tradeinn.com/h/13948/139489249/head-sprint-pro-3.5-clay-clay-shoes.jpg,Head Sprint Pro 3.5 Clay Clay Shoes,105.99 €
https://www.tradeinn.com/h/13948/139489192/head-revolt-pro-4.0-clay-clay-shoes.jpg,Head Revolt Pro 4.0 Clay Clay Shoes,105.99 €
https://www.tradeinn.com/h/13850/138503765/babolat-propulse-blast-clay-shoes.jpg,Babolat Propulse Blast Clay Shoes,115.00 € 56.99 €
https://www.tradeinn.com/h/14043/140434231/wilson-kaos-swift-1.5-clay-shoes.jpg,Wilson Kaos Swift 1.5 Clay Shoes,72.49 €
https://www.tradeinn.com/h/14043/140434228/wilson-kaos-stroke-2.0-shoes.jpg,Wilson Kaos Stroke 2.0 Shoes,80.99 €
https://www.tradeinn.com/h/14043/140434296/wilson-rush-pro-ace-shoes.jpg,Wilson Rush Pro Ace Shoes,80.49 €
https://www.tradeinn.com/h/13941/139417125/adidas-solematch-control-all-court-shoes.jpg,adidas Solematch Control All Court Shoes,81.99 €
https://www.tradeinn.com/h/13842/138425313/adidas-courtjam-control-shoes.jpg,adidas Courtjam Control Shoes,90.00 € 57.99 €
https://www.tradeinn.com/h/13941/139416348/adidas-barricade-clay-all-court-shoes.jpg,adidas Barricade Clay All Court Shoes,150.00 € 83.99 €
https://www.tradeinn.com/h/14003/140030573/asics-gel-challenger-14-clay-shoes.jpg,Asics Gel-Challenger 14 Clay Shoes,80.99 €
https://www.tradeinn.com/h/14013/140138284/joma-slam-clay-shoes.jpg,Joma Slam Clay Shoes,70.99 €
https://www.tradeinn.com/h/14013/140138218/joma-set-clay-shoes.jpg,Joma Set Clay Shoes,52.49 €
https://www.tradeinn.com/h/13803/138031314/nike-court-vapor-lite-shoes.jpg,Nike Court Vapor Lite Shoes,57.99 €
https://www.tradeinn.com/h/13896/138960892/adidas-grand-court-2.0-shoes.jpg,adidas Grand Court 2.0 Shoes,53.99 €
https://www.tradeinn.com/h/13803/138030696/nike-court-vapor-lite-clay-shoes.jpg,Nike Court Vapor Lite Clay Shoes,57.49 €
https://www.tradeinn.com/h/13896/138960891/adidas-grand-court-2.0-shoes.jpg,adidas Grand Court 2.0 Shoes,54.99 €
https://www.tradeinn.com/h/13855/138552072/nike-court-zoom-pro-clay-shoes.jpg,Nike Court Zoom Pro Clay Shoes,83.49 €
https://www.tradeinn.com/h/13896/138960914/adidas-grand-court-2.0-shoes.jpg,adidas Grand Court 2.0 Shoes,53.99 €
https://www.tradeinn.com/h/14021/140211835/babolat-movea-all-court-shoes.jpg,Babolat Movea All Court Shoes,85.99 €
https://www.tradeinn.com/h/14002/140023659/asics-gel-resolution-9-all-court-shoes.jpg,Asics Gel-Resolution 9 All Court Shoes,100.99 €
https://www.tradeinn.com/h/13991/139911073/puma-solarsmash-rct-all-court-shoes.jpg,Puma Solarsmash Rct All Court Shoes,46.99 €
https://www.tradeinn.com/h/14020/140200774/babolat-jet-tere-all-court-shoes.jpg,Babolat Jet Tere All Court Shoes,75.99 €
https://www.tradeinn.com/h/13907/139078196/head-sprint-pro-3.5-sf-clay-shoes.jpg,Head Sprint Pro 3.5 SF Clay Shoes,81.99 €
https://www.tradeinn.com/h/14003/140030731/asics-gel-resolution-9-clay-shoes.jpg,Asics Gel-Resolution 9 Clay Shoes,100.99 €
https://www.tradeinn.com/h/13963/139631407/babolat-propulse-fury-3-all-court-shoes.jpg,Babolat Propulse Fury 3 All Court Shoes,103.49 €
https://www.tradeinn.com/h/13955/139554978/puma-solarsmash-rct-shoes.jpg,Puma Solarsmash Rct Shoes,46.99 €
https://www.tradeinn.com/h/13955/139554979/puma-solarsmash-rct-shoes.jpg,Puma Solarsmash Rct Shoes,46.99 €
https://www.tradeinn.com/h/13955/139554970/puma-solarcourt-rct-shoes.jpg,Puma Solarcourt Rct Shoes,64.99 €
https://www.tradeinn.com/h/14043/140434297/wilson-rush-pro-ace-shoes.jpg,Wilson Rush Pro Ace Shoes,76.49 €
https://www.tradeinn.com/h/13993/139934803/adidas-defiant-speed-clay-all-court-shoes.jpg,adidas Defiant Speed Clay All Court Shoes,72.49 €
https://www.tradeinn.com/h/14020/140200775/babolat-jet-tere-clay-shoes.jpg,Babolat Jet Tere Clay Shoes,75.99 €
https://www.tradeinn.com/h/13907/139078195/head-sprint-pro-3.5-sf-all-court-shoes.jpg,Head Sprint Pro 3.5 SF All Court Shoes,120.99 €
https://www.tradeinn.com/h/13963/139631347/babolat-jet-tere-all-court-shoes.jpg,Babolat Jet Tere All Court Shoes,75.99 €
https://www.tradeinn.com/h/13855/138552064/nike-court-zoom-lite-3-shoes.jpg,Nike Court Zoom Lite 3 Shoes,49.99 €
https://www.tradeinn.com/h/13963/139631348/babolat-jet-tere-all-court-shoes.jpg,Babolat Jet Tere All Court Shoes,75.99 €
https://www.tradeinn.com/h/14002/140023689/asics-solution-speed-ff-2-clay-clay-shoes.jpg,Asics Solution Speed FF 2 Clay Clay Shoes,100.99 €
https://www.tradeinn.com/h/13883/138838950/nike-court-air-zoom-vapor-pro-hard-clay-shoes.jpg,Nike Court Air Zoom Vapor Pro Hard Clay Shoes,120.99 €
https://www.tradeinn.com/h/13963/139631408/babolat-propulse-fury-3-clay-shoes.jpg,Babolat Propulse Fury 3 Clay Shoes,103.49 €
https://www.tradeinn.com/h/14043/140434293/wilson-rush-pro-ace-shoes.jpg,Wilson Rush Pro Ace Shoes,82.49 €
https://www.tradeinn.com/h/13883/138838974/nike-court-zoom-pro-clay-clay-shoes.jpg,Nike Court Zoom Pro Clay Clay Shoes,83.49 €
https://www.tradeinn.com/h/13993/139934672/adidas-adizero-cybersonic-all-court-shoes.jpg,adidas Adizero Cybersonic All Court Shoes,108.49 €
https://www.tradeinn.com/h/13855/138552081/nike-court-zoom-pro-hc-shoes.jpg,Nike Court Zoom Pro HC Shoes,78.99 €
https://www.tradeinn.com/h/13955/139554963/puma-solarattack-rct-shoes.jpg,Puma Solarattack Rct Shoes,100.49 €
https://www.tradeinn.com/h/14043/140434279/wilson-rush-pro-4.0-shoes.jpg,Wilson Rush Pro 4.0 Shoes,99.99 €
https://www.tradeinn.com/h/13993/139934675/adidas-adizero-cybersonic-all-court-shoes.jpg,adidas Adizero Cybersonic All Court Shoes,99.99 €
https://www.tradeinn.com/h/13993/139934693/adidas-adizero-ubersonic-4.1-all-court-shoes.jpg,adidas Adizero Ubersonic 4.1 All Court Shoes,90.49 €
https://www.tradeinn.com/h/13993/139934713/adidas-barricade-all-court-shoes.jpg,adidas Barricade All Court Shoes,82.99 €
https://www.tradeinn.com/h/14020/140200770/babolat-jet-mach-3-all-court-shoes.jpg,Babolat Jet Mach 3 All Court Shoes,106.99 €
https://www.tradeinn.com/h/13776/137762424/babolat-jet-tere-all-court-shoes.jpg,Babolat Jet Tere All Court Shoes,110.00 € 42.99 €
https://www.tradeinn.com/h/14043/140434287/wilson-rush-pro-ace-clay-shoes.jpg,Wilson Rush Pro Ace Clay Shoes,81.49 €
https://www.tradeinn.com/h/13993/139935020/adidas-solematch-control-all-court-shoes.jpg,adidas Solematch Control All Court Shoes,72.49 €
https://www.tradeinn.com/h/13993/139934698/adidas-adizero-ubersonic-4.1-cl-all-court-shoes.jpg,adidas Adizero Ubersonic 4.1 Cl All Court Shoes,90.49 €
https://www.tradeinn.com/h/13963/139631332/babolat-jet-mach-3-all-court-shoes.jpg,Babolat Jet Mach 3 All Court Shoes,106.99 €
https://www.tradeinn.com/h/13993/139934772/adidas-courtjam-control-clay-all-court-shoes.jpg,adidas Courtjam Control Clay All Court Shoes,61.49 €
https://www.tradeinn.com/h/13993/139934701/adidas-adizero-ubersonic-4.1-cl-all-court-shoes.jpg,adidas Adizero Ubersonic 4.1 Cl All Court Shoes,90.49 €
https://www.tradeinn.com/h/14043/140434227/wilson-kaos-stroke-2.0-shoes.jpg,Wilson Kaos Stroke 2.0 Shoes,80.99 €
https://www.tradeinn.com/h/13993/139934678/adidas-adizero-cybersonic-clay-all-court-shoes.jpg,adidas Adizero Cybersonic Clay All Court Shoes,122.99 €
https://www.tradeinn.com/h/13993/139934677/adidas-adizero-cybersonic-clay-all-court-shoes.jpg,adidas Adizero Cybersonic Clay All Court Shoes,108.49 €
https://www.tradeinn.com/h/13993/139934801/adidas-defiant-speed-all-court-shoes.jpg,adidas Defiant Speed All Court Shoes,81.99 €
https://www.tradeinn.com/h/13993/139934799/adidas-defiant-speed-all-court-shoes.jpg,adidas Defiant Speed All Court Shoes,81.99 €
https://www.tradeinn.com/h/13865/138654054/asics-solution-speed-ff-2-clay-shoes.jpg,Asics Solution Speed FF 2 Clay Shoes,100.99 €
https://www.tradeinn.com/h/13958/139582287/k-swiss-court-express-hb-clay-shoes.jpg,K-Swiss Court Express HB Clay Shoes,78.99 €
https://www.tradeinn.com/h/13948/139489261/head-sprint-team-3.5-clay-clay-shoes.jpg,Head Sprint Team 3.5 Clay Clay Shoes,56.49 €
https://www.tradeinn.com/h/13963/139631336/babolat-jet-mach-3-clay-shoes.jpg,Babolat Jet Mach 3 Clay Shoes,106.99 €
https://www.tradeinn.com/h/13993/139935017/adidas-solematch-control-all-court-shoes.jpg,adidas Solematch Control All Court Shoes,81.99 €
https://www.tradeinn.com/h/13993/139934718/adidas-barricade-cl-all-court-shoes.jpg,adidas Barricade Cl All Court Shoes,90.49 €
https://www.tradeinn.com/h/14013/140138030/joma-open-hard-court-shoes.jpg,Joma Open Hard Court Shoes,72.49 €
https://www.tradeinn.com/h/14013/140138281/joma-slam-clay-shoes.jpg,Joma Slam Clay Shoes,70.99 €
https://www.tradeinn.com/h/13855/138552077/nike-court-zoom-pro-hc-shoes.jpg,Nike Court Zoom Pro HC Shoes,78.99 €
https://www.tradeinn.com/h/13948/139489247/head-sprint-pro-3.5-clay-clay-shoes.jpg,Head Sprint Pro 3.5 Clay Clay Shoes,105.99 €
https://www.tradeinn.com/h/14002/140023647/asics-gel-game-9-all-court-shoes.jpg,Asics Gel-Game 9 All Court Shoes,60.99 €
https://www.tradeinn.com/h/14013/140138267/joma-slam-clay-shoes.jpg,Joma Slam Clay Shoes,70.99 €
https://www.tradeinn.com/h/14013/140138032/joma-open-hard-court-shoes.jpg,Joma Open Hard Court Shoes,72.49 €
https://www.tradeinn.com/h/13915/139150539/babolat-jet-mach-3-all-court-shoes.jpg,Babolat Jet Mach 3 All Court Shoes,106.99 €
https://www.tradeinn.com/h/14043/140434232/wilson-kaos-swift-1.5-clay-shoes.jpg,Wilson Kaos Swift 1.5 Clay Shoes,76.49 €
https://www.tradeinn.com/h/14043/140434238/wilson-kaos-swift-1.5-shoes.jpg,Wilson Kaos Swift 1.5 Shoes,72.49 €
https://www.tradeinn.com/h/13993/139934717/adidas-barricade-cl-all-court-shoes.jpg,adidas Barricade Cl All Court Shoes,102.49 €
https://www.tradeinn.com/h/13993/139934864/adidas-gamecourt-2-all-court-shoes.jpg,adidas Gamecourt 2 All Court Shoes,50.49 €
https://www.tradeinn.com/h/13993/139934674/adidas-adizero-cybersonic-all-court-shoes.jpg,adidas Adizero Cybersonic All Court Shoes,108.49 €
https://www.tradeinn.com/h/13993/139935021/adidas-solematch-control-clay-all-court-shoes.jpg,adidas Solematch Control Clay All Court Shoes,81.99 €
https://www.tradeinn.com/h/14003/140030603/asics-gel-dedicate-8-all-court-shoes.jpg,Asics Gel-Dedicate 8 All Court Shoes,50.99 €
https://www.tradeinn.com/h/13958/139582022/asics-solution-swift-ff-all-court-shoes.jpg,Asics Solution Swift Ff All Court Shoes,70.49 €
https://www.tradeinn.com/h/14003/140030570/asics-gel-challenger-14-all-court-shoes.jpg,Asics Gel-Challenger 14 All Court Shoes,80.99 €
https://www.tradeinn.com/h/13948/139489203/head-revolt-pro-4.0-hard-court-shoes.jpg,Head Revolt Pro 4.0 Hard Court Shoes,105.99 €
https://www.tradeinn.com/h/13948/139489250/head-sprint-pro-3.5-clay-clay-shoes.jpg,Head Sprint Pro 3.5 Clay Clay Shoes,105.99 €
https://www.tradeinn.com/h/14043/140434202/wilson-kaos-comp-3.0-shoes.jpg,Wilson Kaos Comp 3.0 Shoes,55.99 €
https://www.tradeinn.com/h/14043/140434234/wilson-kaos-swift-1.5-shoes.jpg,Wilson Kaos Swift 1.5 Shoes,131.99 €
https://www.tradeinn.com/h/14043/140434280/wilson-rush-pro-4.0-shoes.jpg,Wilson Rush Pro 4.0 Shoes,141.99 €
https://www.tradeinn.com/h/13912/139125651/wilson-kaos-devo-2.0-shoes.jpg,Wilson Kaos Devo 2.0 Shoes,60.99 €
https://www.tradeinn.com/h/13993/139934800/adidas-defiant-speed-all-court-shoes.jpg,adidas Defiant Speed All Court Shoes,81.99 €
https://www.tradeinn.com/h/13993/139934712/adidas-barricade-all-court-shoes.jpg,adidas Barricade All Court Shoes,102.49 €
https://www.tradeinn.com/h/13958/139582029/asics-solution-swift-ff-clay-all-court-shoes.jpg,Asics Solution Swift Ff Clay All Court Shoes,70.49 €
https://www.tradeinn.com/h/14013/140138271/joma-slam-clay-shoes.jpg,Joma Slam Clay Shoes,70.99 €
https://www.tradeinn.com/h/14013/140137862/joma-ace-all-court-shoes.jpg,Joma Ace All Court Shoes,75.99 €
https://www.tradeinn.com/h/14008/140081727/mizuno-wave-exceed-tour-5-cc-clay-shoes.jpg,Mizuno Wave Exceed Tour 5 CC Clay Shoes,107.11 €
https://www.tradeinn.com/h/13884/138847585/k-swiss-ultrashot-team-all-court-shoes.jpg,K-Swiss Ultrashot Team All Court Shoes,103.99 €
https://www.tradeinn.com/h/13948/139489249/head-sprint-pro-3.5-clay-clay-shoes.jpg,Head Sprint Pro 3.5 Clay Clay Shoes,105.99 €
https://www.tradeinn.com/h/13948/139489192/head-revolt-pro-4.0-clay-clay-shoes.jpg,Head Revolt Pro 4.0 Clay Clay Shoes,105.99 €
https://www.tradeinn.com/h/13850/138503765/babolat-propulse-blast-clay-shoes.jpg,Babolat Propulse Blast Clay Shoes,115.00 € 56.99 €
https://www.tradeinn.com/h/14043/140434231/wilson-kaos-swift-1.5-clay-shoes.jpg,Wilson Kaos Swift 1.5 Clay Shoes,72.49 €
https://www.tradeinn.com/h/14043/140434228/wilson-kaos-stroke-2.0-shoes.jpg,Wilson Kaos Stroke 2.0 Shoes,80.99 €
https://www.tradeinn.com/h/14043/140434296/wilson-rush-pro-ace-shoes.jpg,Wilson Rush Pro Ace Shoes,80.49 €
https://www.tradeinn.com/h/13941/139417125/adidas-solematch-control-all-court-shoes.jpg,adidas Solematch Control All Court Shoes,81.99 €
https://www.tradeinn.com/h/13842/138425313/adidas-courtjam-control-shoes.jpg,adidas Courtjam Control Shoes,90.00 € 57.99 €
https://www.tradeinn.com/h/13941/139416348/adidas-barricade-clay-all-court-shoes.jpg,adidas Barricade Clay All Court Shoes,150.00 € 83.99 €
https://www.tradeinn.com/h/14003/140030573/asics-gel-challenger-14-clay-shoes.jpg,Asics Gel-Challenger 14 Clay Shoes,80.99 €
https://www.tradeinn.com/h/14013/140138284/joma-slam-clay-shoes.jpg,Joma Slam Clay Shoes,70.99 €
https://www.tradeinn.com/h/14013/140138218/joma-set-clay-shoes.jpg,Joma Set Clay Shoes,52.49 €
https://www.tradeinn.com/h/13803/138031314/nike-court-vapor-lite-shoes.jpg,Nike Court Vapor Lite Shoes,57.99 €
https://www.tradeinn.com/h/13896/138960892/adidas-grand-court-2.0-shoes.jpg,adidas Grand Court 2.0 Shoes,53.99 €
https://www.tradeinn.com/h/13803/138030696/nike-court-vapor-lite-clay-shoes.jpg,Nike Court Vapor Lite Clay Shoes,57.49 €
https://www.tradeinn.com/h/13896/138960891/adidas-grand-court-2.0-shoes.jpg,adidas Grand Court 2.0 Shoes,54.99 €
https://www.tradeinn.com/h/13855/138552072/nike-court-zoom-pro-clay-shoes.jpg,Nike Court Zoom Pro Clay Shoes,83.49 €
https://www.tradeinn.com/h/13896/138960914/adidas-grand-court-2.0-shoes.jpg,adidas Grand Court 2.0 Shoes,53.99 €
https://www.tradeinn.com/h/14021/140211835/babolat-movea-all-court-shoes.jpg,Babolat Movea All Court Shoes,85.99 €
https://www.tradeinn.com/h/14002/140023659/asics-gel-resolution-9-all-court-shoes.jpg,Asics Gel-Resolution 9 All Court Shoes,100.99 €
https://www.tradeinn.com/h/13991/139911073/puma-solarsmash-rct-all-court-shoes.jpg,Puma Solarsmash Rct All Court Shoes,46.99 €
https://www.tradeinn.com/h/14020/140200774/babolat-jet-tere-all-court-shoes.jpg,Babolat Jet Tere All Court Shoes,75.99 €
https://www.tradeinn.com/h/13907/139078196/head-sprint-pro-3.5-sf-clay-shoes.jpg,Head Sprint Pro 3.5 SF Clay Shoes,81.99 €
https://www.tradeinn.com/h/14003/140030731/asics-gel-resolution-9-clay-shoes.jpg,Asics Gel-Resolution 9 Clay Shoes,100.99 €
https://www.tradeinn.com/h/13963/139631407/babolat-propulse-fury-3-all-court-shoes.jpg,Babolat Propulse Fury 3 All Court Shoes,103.49 €
https://www.tradeinn.com/h/13955/139554978/puma-solarsmash-rct-shoes.jpg,Puma Solarsmash Rct Shoes,46.99 €
https://www.tradeinn.com/h/13955/139554979/puma-solarsmash-rct-shoes.jpg,Puma Solarsmash Rct Shoes,46.99 €
https://www.tradeinn.com/h/13955/139554970/puma-solarcourt-rct-shoes.jpg,Puma Solarcourt Rct Shoes,64.99 €
https://www.tradeinn.com/h/14043/140434297/wilson-rush-pro-ace-shoes.jpg,Wilson Rush Pro Ace Shoes,76.49 €
https://www.tradeinn.com/h/13993/139934803/adidas-defiant-speed-clay-all-court-shoes.jpg,adidas Defiant Speed Clay All Court Shoes,72.49 €
https://www.tradeinn.com/h/14020/140200775/babolat-jet-tere-clay-shoes.jpg,Babolat Jet Tere Clay Shoes,75.99 €
https://www.tradeinn.com/h/13907/139078195/head-sprint-pro-3.5-sf-all-court-shoes.jpg,Head Sprint Pro 3.5 SF All Court Shoes,120.99 €
https://www.tradeinn.com/h/13963/139631347/babolat-jet-tere-all-court-shoes.jpg,Babolat Jet Tere All Court Shoes,75.99 €
https://www.tradeinn.com/h/13855/138552064/nike-court-zoom-lite-3-shoes.jpg,Nike Court Zoom Lite 3 Shoes,49.99 €
https://www.tradeinn.com/h/13963/139631348/babolat-jet-tere-all-court-shoes.jpg,Babolat Jet Tere All Court Shoes,75.99 €
https://www.tradeinn.com/h/14002/140023689/asics-solution-speed-ff-2-clay-clay-shoes.jpg,Asics Solution Speed FF 2 Clay Clay Shoes,100.99 €
https://www.tradeinn.com/h/13883/138838950/nike-court-air-zoom-vapor-pro-hard-clay-shoes.jpg,Nike Court Air Zoom Vapor Pro Hard Clay Shoes,120.99 €
https://www.tradeinn.com/h/13963/139631408/babolat-propulse-fury-3-clay-shoes.jpg,Babolat Propulse Fury 3 Clay Shoes,103.49 €
https://www.tradeinn.com/h/14043/140434293/wilson-rush-pro-ace-shoes.jpg,Wilson Rush Pro Ace Shoes,82.49 €
https://www.tradeinn.com/h/13883/138838974/nike-court-zoom-pro-clay-clay-shoes.jpg,Nike Court Zoom Pro Clay Clay Shoes,83.49 €
https://www.tradeinn.com/h/13993/139934672/adidas-adizero-cybersonic-all-court-shoes.jpg,adidas Adizero Cybersonic All Court Shoes,108.49 €
https://www.tradeinn.com/h/13855/138552081/nike-court-zoom-pro-hc-shoes.jpg,Nike Court Zoom Pro HC Shoes,78.99 €
https://www.tradeinn.com/h/13955/139554963/puma-solarattack-rct-shoes.jpg,Puma Solarattack Rct Shoes,100.49 €
https://www.tradeinn.com/h/14043/140434279/wilson-rush-pro-4.0-shoes.jpg,Wilson Rush Pro 4.0 Shoes,99.99 €
https://www.tradeinn.com/h/13993/139934675/adidas-adizero-cybersonic-all-court-shoes.jpg,adidas Adizero Cybersonic All Court Shoes,99.99 €
https://www.tradeinn.com/h/13993/139934693/adidas-adizero-ubersonic-4.1-all-court-shoes.jpg,adidas Adizero Ubersonic 4.1 All Court Shoes,90.49 €
https://www.tradeinn.com/h/13993/139934713/adidas-barricade-all-court-shoes.jpg,adidas Barricade All Court Shoes,82.99 €
https://www.tradeinn.com/h/14020/140200770/babolat-jet-mach-3-all-court-shoes.jpg,Babolat Jet Mach 3 All Court Shoes,106.99 €
https://www.tradeinn.com/h/13776/137762424/babolat-jet-tere-all-court-shoes.jpg,Babolat Jet Tere All Court Shoes,110.00 € 42.99 €
https://www.tradeinn.com/h/14043/140434287/wilson-rush-pro-ace-clay-shoes.jpg,Wilson Rush Pro Ace Clay Shoes,81.49 €
https://www.tradeinn.com/h/13993/139935020/adidas-solematch-control-all-court-shoes.jpg,adidas Solematch Control All Court Shoes,72.49 €
https://www.tradeinn.com/h/13993/139934698/adidas-adizero-ubersonic-4.1-cl-all-court-shoes.jpg,adidas Adizero Ubersonic 4.1 Cl All Court Shoes,90.49 €
https://www.tradeinn.com/h/13963/139631332/babolat-jet-mach-3-all-court-shoes.jpg,Babolat Jet Mach 3 All Court Shoes,106.99 €
https://www.tradeinn.com/h/13993/139934772/adidas-courtjam-control-clay-all-court-shoes.jpg,adidas Courtjam Control Clay All Court Shoes,61.49 €
https://www.tradeinn.com/h/13993/139934701/adidas-adizero-ubersonic-4.1-cl-all-court-shoes.jpg,adidas Adizero Ubersonic 4.1 Cl All Court Shoes,90.49 €
https://www.tradeinn.com/h/14043/140434227/wilson-kaos-stroke-2.0-shoes.jpg,Wilson Kaos Stroke 2.0 Shoes,80.99 €
https://www.tradeinn.com/h/13993/139934678/adidas-adizero-cybersonic-clay-all-court-shoes.jpg,adidas Adizero Cybersonic Clay All Court Shoes,122.99 €
https://www.tradeinn.com/h/13993/139934677/adidas-adizero-cybersonic-clay-all-court-shoes.jpg,adidas Adizero Cybersonic Clay All Court Shoes,108.49 €
https://www.tradeinn.com/h/13993/139934801/adidas-defiant-speed-all-court-shoes.jpg,adidas Defiant Speed All Court Shoes,81.99 €
https://www.tradeinn.com/h/13993/139934799/adidas-defiant-speed-all-court-shoes.jpg,adidas Defiant Speed All Court Shoes,81.99 €
https://www.tradeinn.com/h/13865/138654054/asics-solution-speed-ff-2-clay-shoes.jpg,Asics Solution Speed FF 2 Clay Shoes,100.99 €
https://www.tradeinn.com/h/13958/139582287/k-swiss-court-express-hb-clay-shoes.jpg,K-Swiss Court Express HB Clay Shoes,78.99 €
https://www.tradeinn.com/h/13948/139489261/head-sprint-team-3.5-clay-clay-shoes.jpg,Head Sprint Team 3.5 Clay Clay Shoes,56.49 €
https://www.tradeinn.com/h/13963/139631336/babolat-jet-mach-3-clay-shoes.jpg,Babolat Jet Mach 3 Clay Shoes,106.99 €
https://www.tradeinn.com/h/13993/139935017/adidas-solematch-control-all-court-shoes.jpg,adidas Solematch Control All Court Shoes,81.99 €
https://www.tradeinn.com/h/13993/139934718/adidas-barricade-cl-all-court-shoes.jpg,adidas Barricade Cl All Court Shoes,90.49 €
https://www.tradeinn.com/h/14013/140138030/joma-open-hard-court-shoes.jpg,Joma Open Hard Court Shoes,72.49 €
https://www.tradeinn.com/h/14013/140138281/joma-slam-clay-shoes.jpg,Joma Slam Clay Shoes,70.99 €
https://www.tradeinn.com/h/13855/138552077/nike-court-zoom-pro-hc-shoes.jpg,Nike Court Zoom Pro HC Shoes,78.99 €
https://www.tradeinn.com/h/13948/139489247/head-sprint-pro-3.5-clay-clay-shoes.jpg,Head Sprint Pro 3.5 Clay Clay Shoes,105.99 €
https://www.tradeinn.com/h/14002/140023647/asics-gel-game-9-all-court-shoes.jpg,Asics Gel-Game 9 All Court Shoes,60.99 €
https://www.tradeinn.com/h/14013/140138267/joma-slam-clay-shoes.jpg,Joma Slam Clay Shoes,70.99 €
https://www.tradeinn.com/h/14013/140138032/joma-open-hard-court-shoes.jpg,Joma Open Hard Court Shoes,72.49 €
https://www.tradeinn.com/h/13915/139150539/babolat-jet-mach-3-all-court-shoes.jpg,Babolat Jet Mach 3 All Court Shoes,106.99 €
https://www.tradeinn.com/h/14043/140434232/wilson-kaos-swift-1.5-clay-shoes.jpg,Wilson Kaos Swift 1.5 Clay Shoes,76.49 €
https://www.tradeinn.com/h/14043/140434238/wilson-kaos-swift-1.5-shoes.jpg,Wilson Kaos Swift 1.5 Shoes,72.49 €
https://www.tradeinn.com/h/13993/139934717/adidas-barricade-cl-all-court-shoes.jpg,adidas Barricade Cl All Court Shoes,102.49 €
https://www.tradeinn.com/h/13993/139934864/adidas-gamecourt-2-all-court-shoes.jpg,adidas Gamecourt 2 All Court Shoes,50.49 €
https://www.tradeinn.com/h/13993/139934674/adidas-adizero-cybersonic-all-court-shoes.jpg,adidas Adizero Cybersonic All Court Shoes,108.49 €
https://www.tradeinn.com/h/13993/139935021/adidas-solematch-control-clay-all-court-shoes.jpg,adidas Solematch Control Clay All Court Shoes,81.99 €
https://www.tradeinn.com/h/14003/140030603/asics-gel-dedicate-8-all-court-shoes.jpg,Asics Gel-Dedicate 8 All Court Shoes,50.99 €
https://www.tradeinn.com/h/13958/139582022/asics-solution-swift-ff-all-court-shoes.jpg,Asics Solution Swift Ff All Court Shoes,70.49 €
https://www.tradeinn.com/h/14003/140030570/asics-gel-challenger-14-all-court-shoes.jpg,Asics Gel-Challenger 14 All Court Shoes,80.99 €
https://www.tradeinn.com/h/13948/139489203/head-revolt-pro-4.0-hard-court-shoes.jpg,Head Revolt Pro 4.0 Hard Court Shoes,105.99 €
https://www.tradeinn.com/h/13948/139489250/head-sprint-pro-3.5-clay-clay-shoes.jpg,Head Sprint Pro 3.5 Clay Clay Shoes,105.99 €
https://www.tradeinn.com/h/14043/140434202/wilson-kaos-comp-3.0-shoes.jpg,Wilson Kaos Comp 3.0 Shoes,55.99 €
https://www.tradeinn.com/h/14043/140434234/wilson-kaos-swift-1.5-shoes.jpg,Wilson Kaos Swift 1.5 Shoes,131.99 €
https://www.tradeinn.com/h/14043/140434280/wilson-rush-pro-4.0-shoes.jpg,Wilson Rush Pro 4.0 Shoes,141.99 €
https://www.tradeinn.com/h/13912/139125651/wilson-kaos-devo-2.0-shoes.jpg,Wilson Kaos Devo 2.0 Shoes,60.99 €
https://www.tradeinn.com/h/13993/139934800/adidas-defiant-speed-all-court-shoes.jpg,adidas Defiant Speed All Court Shoes,81.99 €
https://www.tradeinn.com/h/13993/139934712/adidas-barricade-all-court-shoes.jpg,adidas Barricade All Court Shoes,102.49 €
https://www.tradeinn.com/h/13958/139582029/asics-solution-swift-ff-clay-all-court-shoes.jpg,Asics Solution Swift Ff Clay All Court Shoes,70.49 €
https://www.tradeinn.com/h/14013/140138271/joma-slam-clay-shoes.jpg,Joma Slam Clay Shoes,70.99 €
https://www.tradeinn.com/h/14013/140137862/joma-ace-all-court-shoes.jpg,Joma Ace All Court Shoes,75.99 €
https://www.tradeinn.com/h/14008/140081727/mizuno-wave-exceed-tour-5-cc-clay-shoes.jpg,Mizuno Wave Exceed Tour 5 CC Clay Shoes,107.11 €
https://www.tradeinn.com/h/13884/138847585/k-swiss-ultrashot-team-all-court-shoes.jpg,K-Swiss Ultrashot Team All Court Shoes,103.99 €
https://www.tradeinn.com/h/13948/139489249/head-sprint-pro-3.5-clay-clay-shoes.jpg,Head Sprint Pro 3.5 Clay Clay Shoes,105.99 €
https://www.tradeinn.com/h/13948/139489192/head-revolt-pro-4.0-clay-clay-shoes.jpg,Head Revolt Pro 4.0 Clay Clay Shoes,105.99 €
https://www.tradeinn.com/h/13850/138503765/babolat-propulse-blast-clay-shoes.jpg,Babolat Propulse Blast Clay Shoes,115.00 € 56.99 €
https://www.tradeinn.com/h/14043/140434231/wilson-kaos-swift-1.5-clay-shoes.jpg,Wilson Kaos Swift 1.5 Clay Shoes,72.49 €
https://www.tradeinn.com/h/14043/140434228/wilson-kaos-stroke-2.0-shoes.jpg,Wilson Kaos Stroke 2.0 Shoes,80.99 €
https://www.tradeinn.com/h/14043/140434296/wilson-rush-pro-ace-shoes.jpg,Wilson Rush Pro Ace Shoes,80.49 €
https://www.tradeinn.com/h/13941/139417125/adidas-solematch-control-all-court-shoes.jpg,adidas Solematch Control All Court Shoes,81.99 €
https://www.tradeinn.com/h/13842/138425313/adidas-courtjam-control-shoes.jpg,adidas Courtjam Control Shoes,90.00 € 57.99 €
https://www.tradeinn.com/h/13941/139416348/adidas-barricade-clay-all-court-shoes.jpg,adidas Barricade Clay All Court Shoes,150.00 € 83.99 €
https://www.tradeinn.com/h/14003/140030573/asics-gel-challenger-14-clay-shoes.jpg,Asics Gel-Challenger 14 Clay Shoes,80.99 €
https://www.tradeinn.com/h/14013/140138284/joma-slam-clay-shoes.jpg,Joma Slam Clay Shoes,70.99 €
https://www.tradeinn.com/h/14013/140138218/joma-set-clay-shoes.jpg,Joma Set Clay Shoes,52.49 €
